function,module,signature,description
nb.AboutDatesλ,Dates,AboutDatesλ,Displays this module's repository URL and function list
nb.AboutEssentialsλ,Essentials,AboutEssentialsλ,Displays this module's repository URL and function list
nb.AboutFinancialλ,Financial,AboutFinancialλ,Displays this module's repository URL and function list
nb.AboutRatiosλ,Ratios,AboutRatiosλ,Displays this module's repository URL and function list
nb.AboutUtilitiesλ,Utilities,AboutUtilitiesλ,Displays this module's repository URL and function list
nb.Allocateλ,Financial,"Allocateλ(Amounts, [FromInterval], [ToInterval])",→Divide one or more amounts equally across smaller periods
nb.AmortiseBλ,Debt,AmortiseBλ,Creates an amortisation schedule for a debt/loan
nb.Amortiseλ,Financial,"Amortiseλ( Principals, APRs, Terms, StartDates, [Timeline])",Creates a corkscrew amortisation schedule
nb.AmortiseλDV,Financial,AmortiseλDV,Provides extended data validation of arguments for Amortiseλ()
nb.AssetTurnoverRatioλ,Ratios,"AssetTurnoverRatioλ( NetSales, TotalAssets)",Measures the value of a company's sales or revenues relative to the value of its assets._x000a_(Net Sales/Total Assets)
nb.AvgColsUλ,Utilities,AvgColsUλ( Array),Get the average for each Column
nb.AvgColsλ,Essentials,AvgColsλ( Array),Get the average for each Column
nb.AvgRowsUλ,Utilities,AvgRowsUλ( Array),Get the average for each row
nb.AvgRowsλ,Essentials,AvgRowsλ( Array),Get the average for each row
nb.BVPSλ,Ratios,"BVPSλ( ShareholdersEquity, PreferredStock, AverageSharesOutstanding )",Book value per share ratio is an indicator of the value of a company’s stock _x000a_(Shareholders' Equity - Preferred Stock)/Average Shares Outstanding)
nb.CAPERatioλ,Ratios,"CAPERatioλ( SharePrice, TenYearAverageEarningsInflationAdjusted )",CAPE Ratio is a valuation measure that uses real earnings per share (EPS) over a 10-year period_x000a_to smooth out fluctuations in corporate profits that occur over different periods of a business_x000a_cycle (aka Shiller PE Ratio) (Share Price/Ten Year Average Earn
nb.CashFlowMarginλ,Ratios,"CashFlowMarginλ( CashFlowFromOperatingActivities, Revenue)",Cash Flow Margin is a trusted metric of a company’s profitability and efficiency _x000a_and its earnings quality (Cash Flow From Operating Activities/Revenue).
nb.CashRatioλ,Ratios,"CashRatioλ( Cash, Liabilities)",Evaluates ability to repay short-term debt w/cash or near-cash resources _x000a_    (Cash and Cash Equivalents / Current Liabilities)
nb.CorkScrewReversalλ,Financial,"CorkScrewReversalλ( Opening, ReversalFlags, Flow1, [Flow2], [Flow3], [Flow4])",Create a corkscrew where the opening balance is reversed in the next period based on a timing parameter.
nb.Corkscrewλ,Financial,"Corkscrewλ( Opening, Flow1, [Flow2], [Flow3], [Flow4])",Create a corkscrew section that sums the opening balance and up to 4 independent flows.
nb.CorkscrewλDV,Financial,CorkscrewλDV,Provides extended data validation of arguments for Depreciateλ.
nb.CountAColsUλ,Utilities,CountAColsUλ( Array ),Count everything in each row
nb.CountAColsλ,Essentials,CountAColsλ( Array ),Count everything in each row
nb.CountARowsUλ,Utilities,CountARowsUλ( Array),Count everything in each row
nb.CountARowsλ,Essentials,CountARowsλ( Array),Count everything in each row
nb.CountCUλ,Utilities,"CountCUλ( Text, Characters)",Count occurrences of character(s) in a string
nb.CountColsUλ,Utilities,"CountColsUλ( Array,)",Count numbers in each row
nb.CountColsλ,Essentials,"CountColsλ( Array,)",Count numbers in each row
nb.CountCλ,Essentials,"CountCλ( Text, Characters)",Count occurrences of character(s) in a string
nb.CountDOWλ,Dates,"CountDOWλ(Starts, Ends, DayOfWeek)",Count instances of a specific day of the week between two dates.
nb.CountRowsUλ,Utilities,CountRowsUλ( Array),Count numbers in each row
nb.CountRowsλ,Essentials,CountRowsλ( Array),Count numbers in each row
nb.Cumulativeλ,Financial,"Cumulativeλ( Totals, [OpeningBalance])",Creates a row or column of cumulative totals from a total row or column
nb.CurrentRatioλ,Ratios,"CurrentRatioλ( Assets, Liabilities)",Measures a company’s ability to pay short-term obligations (Current Assets/Liabilities)
nb.DBλ,Financial,"DBλ(Cost, Salvage, Life, [Months])",Fixed declining balance depreciation method for one asset or asset class.
nb.DDBλ,Financial,"DDBλ(Cost, Salvage, Life, [Factor])",Double-declining balance depreciation method for one asset or asset class.
nb.DPRλ,Ratios,"DPRλ( DividendsPaid, NetIncome )",Dividend Payout Ratio is the percentage of earnings paid to shareholders via dividends_x000a_    (DividendsPaid/NetIncome)
nb.DSCRλ,Ratios,"DSCRλ( NetOperatingIncome, TotalDebtService)",Debt service coverage Ratio measures a firm’s available cash flow to pay its _x000a_current debt obligations(Net Operating Income/Total Debt Service)
nb.DSIλ,Ratios,"DSIλ( AverageInventory, CostOfGoodsSold)",Days Sales in Inventory Ratio (aka Average age of inventory _x000a_indicates the average time in days that a company takes to turn its inventory _x000a_(Average Inventory/ Cost of Goods Sold)
nb.DebtRatioλ,Ratios,"DebtRatioλ( TotalDebt, TotalAssets)",Measures the extent of a company’s leverage
nb.DebtSculptFixedλ,Debt,DebtSculptFixedλ,Creates a Debt Sculpting schedule where APR and DSCR is fixed for all periods
nb.DebtSculptVariableLRVλ,Debt,DebtSculptVariableLRVλ,Creates a Debt Sculpting schedule where APR and DSCR is set for each period
nb.DebtSculptVariableλ,Debt,DebtSculptVariableλ,Creates a Debt Sculpting schedule where APR and DSCR is set for each period
nb.DebtToAssetRatioλ,Ratios,"DebtToAssetRatioλ( TotalDebt, TotalAssets)",Analysts can compare one company's leverage with that of other _x000a_companies in the same industry. (Total Debt/Total Assets)
nb.DebtToCapitalRatioλ,Ratios,"DebtToCapitalRatioλ( Debt, ShareholdersEquity)",Gives analysts and investors a better idea of a company's financial structure_x000a_and whether or not the company is a suitable investment (Debt/(Debt + Shareholders' equity)
nb.DebtToEquityRatioλ,Ratios,"DebtToEquityRatioλ( TotalLiabilities, ShareholdersEquity)",Measures the degree to which a company is financing operations_x000a_with debt rather than its own resources. (Total Liabilities/Shareholders' Equity)
nb.Depreciateλ,Financial,"Depreciateλ(InitialValues, InServiceDates, LifeInYears, Timeline,","Create a block of CAPEX, Opening Balance, Depreciation Values, and Book Value for each asset"
nb.DepreciateλDV,Financial,DepreciateλDV,Provides extended data validation of arguments for Depreciateλ
nb.DiminishingValueλ,Financial,"DiminishingValueλ(Cost, Life)","Diminishing value depreciation (ATO 200% method), writing the residual off in the final period."
nb.DividendYieldRatioλ,Ratios,"DividendYieldRatioλ( AnnualDividendsPerShare, SharePrice)",Dividend yield ratio shows how much a company pays out in dividends _x000a_each year relative to its stock price (Annual Dividends Pe rShare/Share Price)
nb.EBITDAMarginλ,Ratios,"EBITDAMarginλ( EBITDA, TotalRevenue)",Measures a company's operating profit as a percentage of its revenue (EBITDA/Total Revenue).
nb.EPSλ,Ratios,"EPSλ( NetIncome, PreferredDividends, EndOfPeriodCommonSharesOutstanding)",Earnings per share measures profitability indicating how much profit each _x000a_outstanding share of common stock has earned _x000a_    (Net Income - Preferred Dividends)/End Of Period Common Shares Outstanding)
nb.EquityMultiplierλ,Ratios,"EquityMultiplierλ( TotalAssets, TotalShareholdersEquity)",Measures the portion of a company’s assets financed by shareholders'_x000a_equity rather than by debt (TotalAssets/TotalShareholdersEquity)
nb.EquityRatioλ,Ratios,"EquityRatioλ( ShareholdersEquity, TotalAssets, IntangibleAssets)",Measures the long-term solvency of a company by comparing its shareholders’ equity to its _x000a_total assets (Shareholder's Equity/(Total Assets - Intangible Assets)).
nb.FilterContainsλ,Financial,"FilterContainsλ( ArrayToFilter, FilterByArray, FilterByText, [IgnoreCase?] )",Filter an array by another array that contains specific text
nb.FinancialYearλ,Dates,"FinancialYearλ(Dates, [StartMonth])","Labels dates with their Australian financial year, which starts on 1 July."
nb.GSTAddλ,Financial,"GSTAddλ(Amounts, [Rate])",Adds GST to one or more GST-exclusive amounts.
nb.GSTExtractλ,Financial,"GSTExtractλ(Amounts, [Rate])",Returns the GST contained in one or more GST-inclusive amounts.
nb.GrossMarginλ,Ratios,"GrossMarginλ( GrossProfit, NetSales)",Shows how much profit a company makes after paying off its Cost of Goods Sold
nb.IRRλ,Financial,"IRRλ( Values, Dates)","Calculates IRR, correcting for when the first investment is not in the first period"
nb.IntOnIntλ,Financial,"IntOnIntλ( Principal, Rate)",Calculate Interest on Interest. Use to determine amount needed to cover debt plus interest on debt
nb.InterestCoverageRatioλ,Ratios,"InterestCoverageRatioλ( OperatingIncome, InterestExpenses)",Determines how easily a company can pay interest on its outstanding debt_x000a_(Operating Income/Interest Expenses)
nb.InterestLRVλ,Debt,InterestLRVλ,Calculates debt sculpting interest using method presented by Lance Rubin
nb.InventoryTurnoverRatioλ,Ratios,"InventoryTurnoverRatioλ( CostOfGoodsSold, AverageInventory)",Shows how many times a company turned over its inventory relative _x000a_    to its cost of goods sold (COGS) (COGS/Average Inventory)
nb.IsBetweenEλ,Essentials,"IsBetweenEλ( Value, Low, Hi, [Inclusive])",Determine if a value is between a lower and upper limit
nb.IsBetweenUλ,Utilities,"IsBetweenUλ( Value, Low, Hi, [Inclusive])",Determine if a value is between a lower and upper limit
nb.IsBetweenλ,Dates,"IsBetweenλ(Values, Low, High, [Inclusive])",Determine if a value is between a lower and upper limit
nb.IsInListUλ,Utilities,"IsInListUλ( Value, List)",Determine if a value is between a lower and upper limit
nb.IsInListλ,Essentials,"IsInListλ( Value, List)",Determine if a value is between a lower and upper limit
nb.IsOccurrenceDateλ,Dates,"IsOccurrenceDateλ(Dates, FirstOccurrence, [LastOccurrence], [Repeats])","Returns TRUE if Date passed is when something happens. This was developed for budgeting where we have expenses that start, and sometimes repeat at regular intervals."
nb.LabelAmortiseλ,Financial,"LabelAmortiseλ(LoanNames, [LoanAmounts], [LoanAPRs], [LoanTerms])",Create labels for Amortiseλ
nb.LabelDepreciateλ,Financial,LabelDepreciateλ( AssetNames),Create labels for Depreciateλ
nb.MaxColsUλ,Utilities,MaxColsUλ( Array),Get the maximum for each Column
nb.MaxColsλ,Essentials,MaxColsλ( Array),Get the maximum for each Column
nb.MaxRowsUλ,Utilities,MaxRowsUλ( Array),Get the maximum for each row
nb.MaxRowsλ,Essentials,MaxRowsλ( Array),Get the maximum for each row
nb.MinColsUλ,Utilities,MinColsUλ( Array),Get the minimum for each Column
nb.MinColsλ,Essentials,MinColsλ( Array),Get the minimum for each Column
nb.MinRowsUλ,Utilities,MinRowsUλ( Array),Get the minimum for each row
nb.MinRowsλ,Essentials,MinRowsλ( Array),Get the minimum for each row
nb.Movementλ,Financial,"Movementλ( [BeginningValues], Values)",Create a row of differences from column to column
nb.NetProfitMarginλ,Ratios,"NetProfitMarginλ( NetIncome, Revenue)",Measures how much net income or profit a company generates as a percentage of its revenue. _x000a_(Net Income/Revenue).
nb.OperatingCashFlowRatioλ,Ratios,"OperatingCashFlowRatioλ( OperatingCashFlow, Liabilities)",Measures a company’s ability to pay short-term obligations
nb.OperatingMarginλ,Ratios,"OperatingMarginλ( OperatingEarnings, Revenue)","Measures how much profit a company makes on a dollar of sales after paying for variable costs _x000a_of production, such as wages and raw materials, but before paying interest or tax (Operating Earnings/Revenue)."
nb.OperatingRatioλ,Ratios,"OperatingRatioλ( OperatingExpenses, CostOfGoodsSold, NetSales)",Shows how efficient management is at keeping costs low while generating revenue _x000a_(Operating Expenses + Cost Of Goods Sold)/Net Sales)
nb.OverLapDaysλ,Dates,"OverLapDaysλ(Period1Start, Period1End, Period2Start, Period2End)",Return how many days overlap two period ranges.
nb.PeriodDiffλ,Financial,"PeriodDiffλ(StartDate, EndDate, Interval)",Determine the number of periods between two dates.
nb.PeriodLabelλ,Dates,"PeriodLabelλ(Date, [Interval])",Creates a label for a date based on period interval
nb.PeriodStartλ,Financial,"PeriodStartλ(AnyPeriodStart, MonthsPerPeriod, DateOfInterest)",Determine when the period containing a date of interest starts
nb.Periodsλ,Dates,"Periodsλ(Starts, Ends, [Intervals])","Determine the number of periods from Starts to Date2 in Days, Weeks, Months, Quarters, or Years."
nb.PretaxMarginλ,Ratios,"PretaxMarginλ( PretaxEarnings, Revenue)",Measures the operating efficiency of a company (Pretax Earnings/Revenue).
nb.PriceEarningsRatioλ,Ratios,"PriceEarningsRatioλ( SharePrice, EarningsPerShare)",Price-earnings Ratio measures a company's share price relative to _x000a_its earnings per share (Share Price/Earnings Per Share).
nb.PriceToBookRatioλ,Ratios,"PriceToBookRatioλ( MarketPricePerShare, BookValuePerShare)",Many investors use the price-to-book ratio (P/B ratio) to compare a firm's market _x000a_capitalisation to its book value and locate undervalued companies.
nb.PriceToCashRatioλ,Ratios,"PriceToCashRatioλ( MarketPricePerShare, OperatingCashFlowPerShare)",Price to Cash (P/CF) Ratio is a stock valuation indicator or multiple that measures _x000a_the value of a stock’s price relative to its operating cash flow per share _x000a_(Market Price Per Share/Operating Cash Flow Per Share).
nb.PriceToSalesRatioλ,Ratios,"PriceToSalesRatioλ( MarketPricePerShare, SalesPerShare)",Price to Sales (P/S) Ratio is an indicator of the value that financial markets have _x000a_placed on each dollar of a company's sales or revenues (Market Price Per Share/Sales Per Share).
nb.PrimeCostλ,Financial,"PrimeCostλ(Cost, Life)","Prime cost (straight line) depreciation, ATO method, for one asset or asset class."
nb.QuickRatioλ,Ratios,"QuickRatioλ( QuickAssets, Liabilities)",Measures ability to meet short-term obligations (Quick Assets/Current Liabilities)
nb.ROAλ,Ratios,"ROAλ( NetIncome, TotalAssets)",Return on assets (ROA) ratio indicates how profitable a company is _x000a_in relation to its total assets ( Net Income / Total Assets)
nb.ROEλ,Ratios,"ROEλ( NetIncome, ShareholdersEquity)",Return on equity (ROE) ratio is a measure of financial performance (Net Income/Shareholders Equity)
nb.ROICλ,Ratios,"ROICλ( NetOperatingProfitAfterTax, InvestedCapital)",Return on Invested capital  assesses a company’s efficiency in allocating _x000a_capital to profitable investments (Net Operating Profit After Tax/Invested Capital)
nb.ROIλ,Ratios,"ROIλ( NetReturnonInvestment, CostofInvestment)",Return on Investment (ROI) ratio  measures the profitability of an investment by comparing _x000a_the gain or loss to its cost (Net Return on Investment/Cost of Investment).
nb.RangeToDAEλ,Essentials,"RangeToDAEλ(Range, [Rows], [Columns])",Convert a range reference to a dynamic array reference
nb.RangeToDAUλ,Utilities,"RangeToDAUλ(Range, [Rows], [Columns])",Convert a range reference to a dynamic array reference
nb.RangeToDAλ,Financial,"RangeToDAλ( Cell, [Rows], [Columns])",Create a dynamic array from a static range
nb.ReceivablesTurnoverRatioλ,Ratios,"ReceivablesTurnoverRatioλ( NetCreditSales, AverageAccountsReceivable)",Indicates effectiveness in collecting outstanding balances from clients and _x000a_managing line of credit process (Net Credit Sales/Average Accounts Receivable)
nb.RetentionRatioλ,Ratios,"RetentionRatioλ( RetainedEarnings, NetIncome )",Retention Ratio is the proportion of earnings kept back in the _x000a_business as retained earnings (Retained Earnings/Net Income).
nb.Reversalλ,Financial,"Reversalλ( [OpeningValue], RowToReverse)",Create a row that reverses input values in the next period.
nb.RollingAvgλ,Financial,"RollingAvgλ( Values, Size)",Creates Averages for preceding values of a set size moving from beginning to end over a row of values.
nb.RollingMaxλ,Financial,"RollingMaxλ( Values, Size)",Creates the maximum for preceding values of a set size moving from beginning to end over a row of values.
nb.RollingMinλ,Financial,"RollingMinλ( Values, Size)",Creates the Minimum for preceding values of a set size moving from beginning to end over a row of values.
nb.RollingSumλ,Financial,"RollingSumλ( Values, Size)",Creates totals for preceding values of a set size moving from beginning to end over a row of values.
nb.SLNλ,Financial,"SLNλ(Cost, Salvage, Life)",Straight Line depreciation method for one asset or asset class.
nb.SYDλ,Financial,"SYDλ(Cost, Salvage, Life)",Sum-of-years' digits depreciation method for one asset or asset class.
nb.ScheduleRatesByItemsλ,Dates,"ScheduleRatesByItemsλ(PeriodEnds, ItemFilter, ItemList, EffectiveList, RateList)",Schedule rates that persist until replaced in a timeline for each item in a list.
nb.ScheduleRatesλ,Dates,"ScheduleRatesλ(PeriodEnds, RateStarts, Rates)",Schedule rates that persist until replaced in a timeline.
nb.ScheduleValuesByItemsλ,Dates,"ScheduleValuesByItemsλ(PeriodStarts, PeriodEnds, ItemFilter, ItemList, EffectiveList, ValueList)",Schedule and sum values in a timeline for each item.
nb.ScheduleValuesλ,Dates,"ScheduleValuesλ(PeriodStarts, PeriodEnds, Values, EffectiveDates)",Schedules values in a timeline from a schedule in a table.
nb.SumAmortiseλ,Financial,SumAmortiseλ(AmortisationSchedule),Create row totals for Amortiseλ
nb.SumColsUλ,Utilities,SumColsUλ( Array),Get the total for each Column
nb.SumColsλ,Essentials,SumColsλ( Array),Get the total for each Column
nb.SumContainsλ,Financial,"SumContainsλ(ValuesToFilter, ValueLabels, FilterByText, [IgnoreCase?])","→Creates a row of totals for each row in an array where _x000a_its labels contain a letter, word, or phrase"
nb.SumDepreciateλ,Financial,SumDepreciateλ(DepreciationSchedule),Create row totals for Depreciateλ
nb.SumPeriodsλ,Financial,"SumPeriodsλ( Values, Dates, PeriodStarts)",Groups and totals all columns in a Values array by period resulting in one column for each period
nb.SumRowsUλ,Utilities,SumRowsUλ( Array),Get the total for each row
nb.SumRowsλ,Essentials,SumRowsλ( Array),Get the total for each row
nb.TimelineOffsetλ,Financial,"TimelineOffsetλ(Date, Timeline)",Determines how many periods one array is offset from the timeline
nb.TimelinePositionλ,Financial,"TimelinePositionλ(Array, Timeline, Offset)",Crops an array based on a model's timeline
nb.Timelineλ,Dates,"Timelineλ(StartDate, Periods, Interval, PeriodStarts?)",Create a horizontal list of period dates
nb.VDBλ,Financial,"VDBλ(Cost, Salvage, Life, [Factor], [No_Switch])",Variable declining balance depreciation method for one asset or asset class.
nb.WorkingCapitalTurnoverRatioλ,Ratios,"WorkingCapitalTurnoverRatioλ( NetAnnualSales, WorkingCapital)",Working Capital Turnover Ratio measures how efficiently a company is using its working _x000a_capital to support sales and growth (Net Annual Sales/Average Working Capital).
